file_name,text
Swami_Vivekananda(1).jpg,"Young Indian monk seated in a chair, dressed in traditional orange robes and a turban, with a serene expression and a tranquil backdrop."
Swami_Vivekananda(10).jpg,This black and white Young Indian monk  image shows a portrait of a man with a contemplative expression. He is wearing a turban or wrapped headpiece and appears to be resting his head on his hand.
Swami_Vivekananda(11).jpg,"Young Indian monk dressed in formal Western attire with a high collar, his dark hair neatly styled, gazing contemplatively to the side against a plain backdrop."
Swami_Vivekananda(12).jpg,"Young Indian monk  seated in an ornate chair, dressed in a burgundy robe with white cuffs, his hand thoughtfully resting on his chin, gazing directly at the camera with a serene yet engaged expression."
Swami_Vivekananda(13).jpg,"Young Indian monk adorned in vibrant orange robes and a matching turban, gazing at the camera with a dignified expression, set against a textured neutral background."
Swami_Vivekananda(14).jpg,"Young Indian monk standing confidently with crossed arms, wearing a burgundy robe, orange sash, and vibrant orange turban, smiling against a backdrop of lush green trees."
Swami_Vivekananda(15).jpg,"Young Indian monk seated in lotus position on a rock by the sea, dressed in dark robes, his silhouette illuminated by the setting sun, exuding a sense of tranquility and spiritual contemplation against a serene ocean backdrop."
Swami_Vivekananda(16).jpg,This black and white Young Indian monk  image shows a portrait of a man with a contemplative expression."
Swami_Vivekananda(17).jpg,"Young Indian monk in saffron robes and turban seated in contemplation, while an older bearded man approaches carrying a tray, set in a grand columned corridor with dramatic lighting."
Swami_Vivekananda(18).jpg,"Young Indian monk in bright orange robes seated at the base of a large tree, surrounded by attentive disciples in varied attire, set in a misty forest scene with dappled light."
Swami_Vivekananda(19).jpg,"Young Indian monk standing, dressed in traditional orange robes and a turban, with a serene expression and a tranquil backdrop."
Swami_Vivekananda(2).jpg,"Young Indian monk standing, dressed in traditional attire with an orange turban and sash, exuding confidence and calm."
Swami_Vivekananda(20).jpg,"Young Indian monk standing, dressed in traditional orange robes and a turban, with a serene expression and a tranquil backdrop."
Swami_Vivekananda(21).jpg,"Young Indian monk sitting with people, dressed in traditional orange robes and a turban, with a serene expression and a tranquil backdrop."
Swami_Vivekananda(22).jpg,"Young Indian monk standning, dressed in traditional orange robes and a turban, with a serene expression and a tranquil backdrop."
Swami_Vivekananda(23).jpg,"Young Indian monk standing, dressed in traditional orange robes and a turban, with a serene expression and a tranquil backdrop."
Swami_Vivekananda(24).jpg,"""Young Indian monk addressing the assembly, dressed in traditional orange robes and a turban, with a serene expression and a tranquil backdrop."""
Swami_Vivekananda(25).jpg,"Young Indian monk , dressed in traditional orange robes and a turban, with a serene expression and a tranquil backdrop."
Swami_Vivekananda(26).jpg,"Young Indian monk seated in a chair, dressed in traditional orange robes and a turban, with a serene expression and a tranquil backdrop."
Swami_Vivekananda(27).jpg,"Young Indian monk standing, dressed in traditional orange robes and a turban, with a serene expression and a tranquil backdrop."
Swami_Vivekananda(28).jpg,"Young Indian monk standing, dressed in traditional orange robes and a turban, with a serene expression and a tranquil backdrop."
Swami_Vivekananda(29).jpg,"Young Indian monk in burgundy robe and yellow turban, seated at a desk by a window, writing intently in a book, with an inkwell nearby in a dimly lit room."
Swami_Vivekananda(3).jpg,"Young Indian monk standing, dressed in traditional attire with an orange turban and sash, exuding confidence and calm."
Swami_Vivekananda(30).jpg,"Young Indian monk , dressed in traditional orange robes and a turban, with a serene expression and a tranquil backdrop."
Swami_Vivekananda(31).jpg,"Young Indian monk seated in a chair, dressed in traditional orange robes and a turban, with a serene expression and a tranquil backdrop."
Swami_Vivekananda(32).jpg,"Young Indian monk , dressed in traditional orange robes and a turban, with a serene expression and a tranquil backdrop."
Swami_Vivekananda(33).jpg,"Young Indian monk, dressed in traditional orange robes and a turban, with a serene expression and a tranquil backdrop."
Swami_Vivekananda(34).jpg,"Young Indian monk standning, dressed in traditional orange robes and a turban, with a serene expression and a tranquil backdrop."
Swami_Vivekananda(35).jpg,"Young Indian monk sitting, dressed in traditional orange robes and a turban, with a serene expression and a tranquil backdrop."
Swami_Vivekananda(36).jpg,"Young Indian monk standing confidently in vibrant orange robes, holding a staff, with a backdrop of historical texts and architectural sketches suggesting a blend of tradition and intellect."
Swami_Vivekananda(37).jpg,"Young Indian monk standing confidently in vibrant orange robes, holding a staff, with a backdrop of historical texts and architectural sketches suggesting a blend of tradition and intellect."
Swami_Vivekananda(38).jpg,"Young Indian monk seated in a chair, dressed in traditional orange robes and a turban, with a serene expression and a tranquil backdrop."
Swami_Vivekananda(39).jpg,"Young Indian monk seated in a chair, dressed in traditional orange robes and a turban, with a serene expression and a tranquil backdrop."
Swami_Vivekananda(4).jpg,"Young Indian monk in a meditative pose, dressed in traditional orange robes and a turban, exuding calm and spiritual serenity."
Swami_Vivekananda(40).jpg,"Young Indian monk seated in a chair, dressed in traditional orange robes and a turban, with a serene expression and a tranquil backdrop."
Swami_Vivekananda(41).jpg,"Young Indian monk standing, dressed in traditional orange robes and a turban, with a serene expression and a tranquil backdrop."
Swami_Vivekananda(42).jpg,"Young Indian monk in a meditative pose, dressed in traditional orange robes and a turban, exuding calm and spiritual serenity near the sea."
Swami_Vivekananda(43).jpg,"Young Indian monk standing, addressing an assembly, dressed in traditional orange robes and a turban, with a serene expression and a tranquil backdrop."
Swami_Vivekananda(44).jpg,"Young Indian monk seated in a chair, dressed in traditional orange robes and a turban, with a serene expression and a tranquil backdrop."
Swami_Vivekananda(45).jpg,Young Indian monk standing in saffron robes and turban with stick in hand."
Swami_Vivekananda(5).jpg,Young Indian monk  overlooking ocean at sunset"
Swami_Vivekananda(6).jpg,Young Indian monk in saffron robes and turban."
Swami_Vivekananda(7).jpg,"Bearded Young Indian monk in meditative pose, seated shirtless on orange cloth"
Swami_Vivekananda(8).jpg,Young Indian monk  in red robe and orange turban"
Swami_Vivekananda(9).jpg,"Young Indian monk in orange robes and yellow turban"
